<?xml version="1.0" encoding="UTF-8"?>
<data-sources>
	<data-source id="postgres-jdbc-16949c51da4-1255e0ff18b015b2" provider="postgresql" driver="postgres-jdbc" name="PostgreSQL - postgres" save-password="true" read-only="false">
		<connection host="localhost" port="5432" server="" database="postgres" url="jdbc:postgresql://localhost:5432/postgres" user="postgres" password="AQsJNCGi" home="postgresql-x64-11" type="dev">
			<property name="connectTimeout" value="20"/>
			<property name="loginTimeout" value="20"/>
			<provider-property name="@dbeaver-show-non-default-db@" value="false"/>
			<provider-property name="@dbeaver-show-template-db@" value="false"/>
		</connection>
	</data-source>
	<data-source id="postgres-jdbc-1695a84b6d8-5ea3c2a9f90ab7f3" provider="postgresql" driver="postgres-jdbc" name="PostgreSQL - testapp" save-password="true" read-only="false">
		<connection host="localhost" port="5432" server="" database="testapp" url="jdbc:postgresql://localhost:5432/testapp" user="postgres" password="AQsJNCGi" home="postgresql-x64-11" type="dev">
			<provider-property name="@dbeaver-show-non-default-db@" value="false"/>
			<provider-property name="@dbeaver-show-template-db@" value="false"/>
		</connection>
	</data-source>
	<filters/>
</data-sources>